cluster,Cyclone_Inlet_Gas_Temp,Cyclone_Material_Temp,Cyclone_Outlet_Gas_draft,Cyclone_cone_draft,Cyclone_Gas_Outlet_Temp,Cyclone_Inlet_Draft,count,percentage
0,886.7821312065784,916.1706952718215,-225.77733512897078,-206.7619460408445,876.8053964407364,-178.4193909337815,133286,38.565881379374204
1,165.33998903041012,167.8166997785768,-0.42310012797854835,-6.039030410140776,162.4100851158917,-1.9870668535559752,49227,14.2436763250638
2,897.5005153166027,929.1702663340947,-230.0305320302632,-212.2432700085482,880.5130017606757,-182.65064328455327,156758,45.35743013720827
3,863.0707245461721,883.4036669297554,-107.66334806629835,-110.78552801894237,827.8998011049724,-86.0117048145225,6335,1.8330121583537322
